ID,Cat#,Title,Artist,Format,Year,Label,Status,URL,Releases,Note
4,,"The Somnambulist - Single",psilodump,"12"" Vinyl",2025,"476 Records",available,https://vinyl.psilodump.store/releases/the-somnambulist-singleep,"160,12","The Somnambulist + Apocryphal Somnambulist"
5,,"The Somnambulist Remixes",psilodump,"12"" Vinyl",2025,"476 Records",available,,160,"Remixes only"
7,,"Hidden Trains of Pippuri",psilodump,CD,2025,"476 Records",available,https://vinyl.psilodump.store/releases/hidden-trains-of-pippuri-album,59,
9,,Symptom,psilodump,"12"" Vinyl",2025,"476 Records",available,https://vinyl.psilodump.store/releases/symptom-album,138,
8,476INCH001,Untitled,psilodump,"12"" Vinyl",2025,"476 Records",available,https://vinyl.psilodump.store/releases/untitled-singleep,167,
1,476WAX001+B,"The Nearly Island",psilodump,"2×12"" Vinyl",2025,"476 Records",available,https://vinyl.psilodump.store/releases/the-nearly-island-album,153,
2,476WAX002,Washed,psilodump,"12"" Vinyl",2025,"476 Records",available,https://vinyl.psilodump.store/releases/washed-album,171,
3,476WAX003,"The Somnambulist Minialbum",psilodump,"12"" Vinyl",2025,"476 Records",available,https://vinyl.psilodump.store/releases/the-somnambulist-minialbum-album,"160,12","Original, remixes and Apocryphal Somnambulist"
6,476WAX004,"Hidden Trains of Pippuri",psilodump,"12"" Vinyl",2025,"476 Records",available,https://vinyl.psilodump.store/releases/hidden-trains-of-pippuri-album,59,
14,"ASW 71190","Pocket Calculator (Glomag Mega-Mix)","8-Bit Operators",Vinyl,2007,Astralwerks,sold_out,,,"Mega-Mix featuring psilodump"
13,b2kuber,"Uber Album","Bodenstandig 2000",Vinyl,2007,"Storage Records",sold_out,,,"B1 Remix by psilodump"
15,CVSA008,"I Scream / Breaking The Silence",J,Vinyl,2004,"Captivating Sounds",sold_out,,,"B2 Remix by psilodump"
10,QREC-009,Tangens,psilodump,"12"" Vinyl",2002,Q-Records,sold_out,,140,
11,SOHR008,"Gamma EP",psilodump,"12"" Vinyl",2002,"Sound of Habib",sold_out,,52,
12,domizil14,"full of sid/microcompo remixes",psilodump,"12"" Vinyl",2001,Domizil,sold_out,,50,"Released as psilodumputer"
