Released,"Cat Date",Title,Type,Cat#,Series,Cover,Bandcamp,Spotify,YouTube,Apple,Source,Sources
,,1997-04-18,1997,1997-04-18,Album,,https://d10j3mvrs1suex.cloudfront.net/s:bzglfiles/u/748708/713ce2beb356460b96bd6159b4a9e375ed9895a6/original/img-4033.png/!!/b%3AW1sicmVzaXplIixbNjAwLG51bGwseyJ3aXRob3V0RW5sYXJnZW1lbnQiOnRydWUsImZpdCI6Im91dHNpZGUifV1dXQ%3D%3D/meta%3AeyJzcmNCdWNrZXQiOiJiemdsZmlsZXMifQ%3D%3D.png,psilodump,,,,
,micromusic.net,2002-08-04,"_\|/_ BMX KReW _\|/_",2002-08-04,Single,,https://d10j3mvrs1suex.cloudfront.net/s:bzglfiles/u/748708/24a965da073f6a53db29af43240f3695fa0375e0/original/img-3902.jpeg/!!/b%3AW1sicmVzaXplIixbNjAwLG51bGwseyJ3aXRob3V0RW5sYXJnZW1lbnQiOnRydWUsImZpdCI6Im91dHNpZGUifV1dXQ%3D%3D/meta%3AeyJzcmNCdWNrZXQiOiJiemdsZmlsZXMifQ%3D%3D.jpg,,,https://kost.bandcamp.com/track/bmx-krew,,
476VOL1,"476 Volumes",1999-05-08,"476 vol.1 / You're Not Eating It, It's Eating You",1999-05-08,Album,,https://d10j3mvrs1suex.cloudfront.net/s:bzglfiles/u/748708/bac4aeac6022e9183ed14afd0cc73ca0d68431f9/original/img-4030.jpeg/!!/b%3AW1sicmVzaXplIixbNjAwLG51bGwseyJ3aXRob3V0RW5sYXJnZW1lbnQiOnRydWUsImZpdCI6Im91dHNpZGUifV1dXQ%3D%3D/meta%3AeyJzcmNCdWNrZXQiOiJiemdsZmlsZXMifQ%3D%3D.jpg,psilodump,,,,
476VOL2,"476 Volumes",1999-07-30,"476 vol.2 / psychoactive sonic extracted from my brain",1999-07-30,Album,,https://d10j3mvrs1suex.cloudfront.net/s:bzglfiles/u/748708/81bdfcc2dbdf75e54a92d842f111c8e4b6f17cc3/original/img-4027.jpeg/!!/b%3AW1sicmVzaXplIixbNjAwLG51bGwseyJ3aXRob3V0RW5sYXJnZW1lbnQiOnRydWUsImZpdCI6Im91dHNpZGUifV1dXQ%3D%3D/meta%3AeyJzcmNCdWNrZXQiOiJiemdsZmlsZXMifQ%3D%3D.jpg,psilodump,,,,
476VOL3,"476 Volumes",1999-10-22,"476 vol.3 / hellbender",1999-10-22,Album,,https://d10j3mvrs1suex.cloudfront.net/s:bzglfiles/u/748708/b15055b145314ba4baad5855769df0a70fa75bf7/original/img-4028.jpeg/!!/b%3AW1sicmVzaXplIixbNjAwLG51bGwseyJ3aXRob3V0RW5sYXJnZW1lbnQiOnRydWUsImZpdCI6Im91dHNpZGUifV1dXQ%3D%3D/meta%3AeyJzcmNCdWNrZXQiOiJiemdsZmlsZXMifQ%3D%3D.jpg,psilodump,,,,
476VOL4,"476 Volumes",2000-02-04,"476 vol.4 / psilophytondapsile",2000-02-04,Album,,https://d10j3mvrs1suex.cloudfront.net/s:bzglfiles/u/748708/f4e94f1a71ec94b0a764251c2799d2eec48aa711/original/img-4029.jpeg/!!/b%3AW1sicmVzaXplIixbNjAwLG51bGwseyJ3aXRob3V0RW5sYXJnZW1lbnQiOnRydWUsImZpdCI6Im91dHNpZGUifV1dXQ%3D%3D/meta%3AeyJzcmNCdWNrZXQiOiJiemdsZmlsZXMifQ%3D%3D.jpg,psilodump,,,,
476VOL5,"476 Volumes",2000-04-16,"476 vol.5 / *not-maybe-could-had*",2000-04-16,Album,,https://d10j3mvrs1suex.cloudfront.net/s:bzglfiles/u/748708/c245819b4d5068144f51424496e46cfda9541de5/original/476vol5.jpg/!!/b%3AW1sicmVzaXplIixbNjAwLG51bGwseyJ3aXRob3V0RW5sYXJnZW1lbnQiOnRydWUsImZpdCI6Im91dHNpZGUifV1dXQ%3D%3D/meta%3AeyJzcmNCdWNrZXQiOiJiemdsZmlsZXMifQ%3D%3D.jpg,psilodump,,,,
476VOL6,"476 Volumes",2000-12-20,"476 vol.6 / the light is the biggest lie",2000-12-20,Album,,https://d10j3mvrs1suex.cloudfront.net/s:bzglfiles/u/748708/554de65e282c80d042deced736d1db6b8d697361/original/476vol6.jpg/!!/b%3AW1sicmVzaXplIixbNjAwLG51bGwseyJ3aXRob3V0RW5sYXJnZW1lbnQiOnRydWUsImZpdCI6Im91dHNpZGUifV1dXQ%3D%3D/meta%3AeyJzcmNCdWNrZXQiOiJiemdsZmlsZXMifQ%3D%3D.jpg,psilodump,https://psilodu.mp/album/3353633/the-light-is-the-biggest-lie,,,
476DIGI038,476DIGI,2025-01-31,"476LEG, Vol. 1: Good & Bland",2025-01-31,Compilation,"476 Digital",https://images.zoogletools.com/s:bzglfiles/u/1255111/3774b17af5a36aae0847d92da4680e55a4c50ac1/original/3000x3000-924506-a7e935c8-a079-4c7c-a3ec6f9191f232c8-mod-1743285512.jpg/!!/b%3AW1sicmVzaXplIixbNjAwLG51bGwseyJ3aXRob3V0RW5sYXJnZW1lbnQiOnRydWUsImZpdCI6Im91dHNpZGUifV1dXQ%3D%3D/meta%3AeyJzcmNCdWNrZXQiOiJiemdsZmlsZXMifQ%3D%3D.jpg,psilodump,https://psilodu.mp/album/3293290/476leg-vol-1-good-bland,https://476leg.bandcamp.com/album/476leg-vol-1-good-bland,https://music.apple.com/album/476leg-vol-1-good-bland/1793962254,https://www.youtube.com/playlist?list=OLAK5uy_kOviNkZ0iCg-y8YHpRiALZSE8BuRJjwao
476LEG045,476LEG,2023-12-07,Airship,2016-07-17,Single,,https://s3.amazonaws.com/gather.fandalism.com/800x800%2D924506%2D%2D89F406CE%2D1F4B%2D4F45%2D9180DEAC1E920AD9%2D%2Dmod%2D1750633261%2Ejpg,psilodump,https://psilodu.mp/album/3486925/airship,,,
476LEG070,476LEG,2025-06-07,"Amaranth Combustion",2003-10-07,Single,,https://s3.amazonaws.com/gather.fandalism.com/800x800%2D924506%2D%2D34464880%2D4834%2D45EE%2D8F6CCA2F98C11260%2D%2D0%2D%2D2803430%2D%2DIMG6565%2Ejpg,psilodump,https://psilodu.mp/album/3512430/amaranth-combustion,,,
476LEG033,476LEG,2023-09-12,"Apocryphal Somnambulist",1998-07-25,Single,,https://s3.amazonaws.com/gather.fandalism.com/800x800%2D924506%2D%2DFA7FCCDE%2D3B50%2D4612%2D912D0A34AB564640%2D%2Dmod%2D1708748467%2Ejpg,psilodump,https://psilodu.mp/album/3353718/apocryphal-somnambulist,https://psilodump.bandcamp.com/album/apocryphal-somnambulist,,https://www.youtube.com/watch?v=02CQzRWJ6T8
476LEG046,476LEG,2023-12-08,Astro,2003-01-17,Single,,https://s3.amazonaws.com/gather.fandalism.com/800x800%2D924506%2D%2D7ED8287D%2DD1E0%2D49E0%2DAB64FB019F090FA7%2D%2Dmod%2D1708157814%2Ejpg,psilodump,https://psilodu.mp/album/3346310/astro,,,
,,2020-01-22,"Ba Ba Ba Ba Be Bi Du",2020-01-22,EP,,https://s3.amazonaws.com/gather.fandalism.com/800x800%2D924506%2D%2D1A56994D%2DC8E5%2D4DF6%2DAAC1EA49F7697AA0%2D%2Dmod%2D1708313138%2Ejpg,psilodump,,https://psilodump.bandcamp.com/album/ba-ba-ba-ba-be-bi-du,,
476LEG016,476LEG,2022-11-07,bak8,2005-03-01,Single,,https://s3.amazonaws.com/gather.fandalism.com/800x800%2D924506%2D%2D1557D5D5%2D64BF%2D4D3F%2DA9C7FFE0AFD412A7%2D%2Dmod%2D1750642250%2Ejpg,psilodump,https://psilodu.mp/album/3353642/bak8,https://psilodump.bandcamp.com/album/bak8-2,https://music.apple.com/album/bak8-single/1715473933,https://www.youtube.com/watch?v=HCRLiwYYcwQ
476LEG021,476LEG,2022-12-01,"Behind the False Smile",2000-03-21,Single,,https://s3.amazonaws.com/gather.fandalism.com/800x800%2D924506%2D%2D5A0D145E%2D429F%2D4659%2DBF4CAC6318508D28%2D%2Dmod%2D1703452744%2Ejpg,psilodump,https://psilodu.mp/album/3353758/behind-the-false-smile,https://psilodump.bandcamp.com/album/behind-the-false-smile,https://music.apple.com/album/behind-the-false-smile-ep/1722773492,https://www.youtube.com/playlist?list=OLAK5uy_kKV0t3itIxBycMRA3zsbGKEb6nyyVWGDI
XD-NETS-007,"The X-Dump",2006-12-07,"Behind the False Smile",2006-12-07,MiniAlbum,,https://d10j3mvrs1suex.cloudfront.net/s:bzglfiles/u/748708/8365b4e63eb28b06d0551007fb5e76d0977ff199/original/xd-nets-007.jpg/!!/b%3AW1sicmVzaXplIixbNjAwLG51bGwseyJ3aXRob3V0RW5sYXJnZW1lbnQiOnRydWUsImZpdCI6Im91dHNpZGUifV1dXQ%3D%3D/meta%3AeyJzcmNCdWNrZXQiOiJiemdsZmlsZXMifQ%3D%3D.jpg,psilodump,,,,https://youtu.be/Ao2egVR6i1Y
,micromusic.net,2001-01-19,"behind the false smile [microscopic mix]",2001-01-19,Single,,https://d10j3mvrs1suex.cloudfront.net/s:bzglfiles/u/748708/5933ba864f8d374579a66c5f01e8924075c80339/original/micromusic-background.png/!!/b%3AW1sicmVzaXplIixbNjAwLG51bGwseyJ3aXRob3V0RW5sYXJnZW1lbnQiOnRydWUsImZpdCI6Im91dHNpZGUifV1dXQ%3D%3D/meta%3AeyJzcmNCdWNrZXQiOiJiemdsZmlsZXMifQ%3D%3D.png,psilodump,,,,
476LEG050,476LEG,2024-02-03,Bingo,2002-07-03,Single,,https://s3.amazonaws.com/gather.fandalism.com/800x800%2D924506%2D%2D221EEDA2%2D75D6%2D4196%2D880015DFF88BEADF%2D%2Dmod%2D1708143621%2Ejpg,psilodump,,https://psilodump.bandcamp.com/album/bingo,,
"RU 17981",,2008-12-30,Bolldans,2008-12-30,Single,,https://ia800803.us.archive.org/11/items/mbid-a616235e-d45f-4960-aa73-41ca593ce445/mbid-a616235e-d45f-4960-aa73-41ca593ce445-21949335434_thumb1200.jpg,,,,,
476DIGI002,476DIGI,2009-09-18,"Brains / Never Heal Uncut",2009-09-18,Compilation,"476 Digital",https://f4.bcbits.com/img/a2539186304_2.jpg,psilodump,https://psilodu.mp/album/3319256/brains-never-heal-uncut,https://psilodump.bandcamp.com/album/brains-never-heal-uncut,,
,,1998-07-10,Chemicals,1998-07-10,EP,,,psilodump,,,,
476LEG019,476LEG,2022-11-23,Cogitation,1996-05-23,Single,,https://s3.amazonaws.com/gather.fandalism.com/800x800%2D924506%2D%2D1C161A1B%2DC89B%2D489F%2DACC514B4CF2315E5%2D%2Dmod%2D1694613634%2Ejpg,psilodump,,,,
AoR003,,2005-08-11,"Collecting Shit",2005-08-11,EP,"The Art of Realistix",https://dn721900.ca.archive.org/0/items/mbid-9bbd3371-a8b5-4ae9-96ea-6343dc8c59c8/mbid-9bbd3371-a8b5-4ae9-96ea-6343dc8c59c8-23318277914.jpg,,,,,
476LEG043,476LEG,2023-12-02,"Control Everything in the Future",2001-07-23,Single,,https://s3.amazonaws.com/gather.fandalism.com/800x800%2D924506%2D%2D5A40181B%2D3B29%2D42CD%2D950B94921D27D6D6%2D%2Dmod%2D1745861220%2Ejpg,psilodump,,,,
,,,DaDoomDay,1995,Compilation,,https://i.discogs.com/Gc-s_uGr9vzgaZt91H9kL4-OtW5zLFQcyzN2vk5llJU/rs:fit/g:sm/q:90/h:256/w:320/czM6Ly9kaXNjb2dz/LWRhdGFiYXNlLWlt/YWdlcy9SLTU4MjUw/NzMtMTQwMzcyMzAw/MC0xNzM4LmpwZWc.jpeg,psilodump,,,,
,micromusic.net,2008-03-10,Dans,2008-03-10,Single,,https://d10j3mvrs1suex.cloudfront.net/s:bzglfiles/u/748708/5933ba864f8d374579a66c5f01e8924075c80339/original/micromusic-background.png/!!/b%3AW1sicmVzaXplIixbNjAwLG51bGwseyJ3aXRob3V0RW5sYXJnZW1lbnQiOnRydWUsImZpdCI6Im91dHNpZGUifV1dXQ%3D%3D/meta%3AeyJzcmNCdWNrZXQiOiJiemdsZmlsZXMifQ%3D%3D.png,psilodump,,,,
,,2000-01-25,"Dark Forest",2000-01-25,EP,,https://d10j3mvrs1suex.cloudfront.net/s:bzglfiles/u/748708/08c2d8fa0bb437017d89ffeab96d613eff59558f/original/img-4149.jpeg/!!/b%3AW1sicmVzaXplIixbNjAwLG51bGwseyJ3aXRob3V0RW5sYXJnZW1lbnQiOnRydWUsImZpdCI6Im91dHNpZGUifV1dXQ%3D%3D/meta%3AeyJzcmNCdWNrZXQiOiJiemdsZmlsZXMifQ%3D%3D.jpg,psilodump,,,,
476DIGI033,476DIGI,2023-11-17,"Daybreak Diagnostics: A Robot’s Routine",2023-11-17,Single,,https://images.zoogletools.com/s:bzglfiles/u/1255111/73cfd462775a2c66a8c90a7a5feef6690fb7ec43/original/3000x3000-924506-baea2f31-42a3-4b25-9840ff3335a03a5f-mod-1745859884.jpg/!!/b%3AW1sicmVzaXplIixbNjAwLG51bGwseyJ3aXRob3V0RW5sYXJnZW1lbnQiOnRydWUsImZpdCI6Im91dHNpZGUifV1dXQ%3D%3D/meta%3AeyJzcmNCdWNrZXQiOiJiemdsZmlsZXMifQ%3D%3D.jpg,psilodump,,https://psilodump.bandcamp.com/album/daybreak-diagnostics-a-robots-routine,https://music.apple.com/album/daybreak-diagnostics-a-robots-routine-single/1717177301,https://www.youtube.com/watch?v=HEMDHaF6BIo
,,,"Digijam Dub",2012-10-01,EP,,,"psilodump, Son of Sun",https://www.youtube.com/watch?v=-Cbi8xEjpjU,https://psilodump.bandcamp.com/track/digijam-dub,https://music.apple.com/song/digijam-dub/1738007247,https://www.youtube.com/watch?v=-Cbi8xEjpjU
476LEG005,476LEG,2019-10-02,"DJ Slidezone",1995-11-12,Single,,https://s3.amazonaws.com/gather.fandalism.com/800x800%2D924506%2D%2D5D480336%2DC123%2D4F32%2D92CB62D35362CE49%2D%2Dmod%2D1709358257%2Ejpg,psilodump,,,,
,,1999-10-20,"Don't Get Anesthetized",1999-10-20,Compilation,"476 Digital",https://d10j3mvrs1suex.cloudfront.net/s:bzglfiles/u/748708/812af6c39cacd5d8e06e388c35d093a60d76bef6/original/img-3661.jpeg/!!/b%3AW1sicmVzaXplIixbNjAwLG51bGwseyJ3aXRob3V0RW5sYXJnZW1lbnQiOnRydWUsImZpdCI6Im91dHNpZGUifV1dXQ%3D%3D/meta%3AeyJzcmNCdWNrZXQiOiJiemdsZmlsZXMifQ%3D%3D.jpg,psilodump,https://psilodu.mp/album/3319241/don-t-get-anesthetized,,,https://www.youtube.com/watch?v=wnw9zydBpSw
476LEG054,476LEG,2024-02-23,"Don't You Just Love Drums",1998-10-25,Single,,https://s3.amazonaws.com/gather.fandalism.com/800x800%2D924506%2D%2D6F155D36%2D426A%2D4CBB%2D9B06A6BF5A640D03%2D%2Dmod%2D1719625962%2Ejpg,psilodump,https://psilodu.mp/album/3332319/don-t-you-just-love-drums,https://psilodump.bandcamp.com/album/dont-you-just-love-drums,,https://www.youtube.com/watch?v=Go2q-7y_eF0
476LEG059,476LEG,2024-03-26,"Down with Da Bass",1996-09-17,Single,,https://s3.amazonaws.com/gather.fandalism.com/800x800%2D924506%2D%2D2F5A6647%2D76B8%2D4D0B%2DAE896B80F9DBAF6E%2D%2D0%2D%2D8732434%2D%2DDownWithDaBass2024Final2%2Ejpg,psilodump,https://psilodu.mp/album/3344250/down-with-da-bass,https://psilodump.bandcamp.com/album/down-with-da-bass,,https://www.youtube.com/watch?v=IZVPPEDgTyg
476LEG067,476LEG,2025-05-23,Droidredux,2010-04-07,Single,,https://s3.amazonaws.com/gather.fandalism.com/800x800%2D924506%2D%2DF9499BD6%2DBD2F%2D4001%2DB8E8A8E7319E8C11%2D%2Dmod%2D1750633054%2Ejpg,psilodump,https://psilodu.mp/album/3503562/droidredux,,https://music.apple.com/album/droidredux-single/1816474445,
DATA025,,2012-04-23,Drop,2012-04-23,EP,,https://s3.amazonaws.com/gather.fandalism.com/800x800%2D924506%2D%2D57DBBC65%2D98BC%2D4C12%2D93B3AE9A1BB39B11%2D%2Dmod%2D1730638030%2Ejpg,psilodump,,https://psilodump.bandcamp.com/album/drop,,
476LEG028,476LEG,2023-07-10,"Drop the Kontrabas",1996-10-10,Single,,https://s3.amazonaws.com/gather.fandalism.com/800x800%2D924506%2D%2DED5797A2%2D6498%2D4FC7%2DB25086C63769335B%2D%2D0%2D%2D1918836%2D%2DDropTheKontrabas2023%2Ejpg,psilodump,,,,
AoR004,,2005-11-22,"Drop the Kontrabas",2005-11-22,EP,"The Art of Realistix",https://d10j3mvrs1suex.cloudfront.net/s:bzglfiles/u/748708/68b55a171bc0dc1ddcc8894f18a8cd3a9e312333/original/img-4087.jpeg/!!/b%3AW1sicmVzaXplIixbNjAwLG51bGwseyJ3aXRob3V0RW5sYXJnZW1lbnQiOnRydWUsImZpdCI6Im91dHNpZGUifV1dXQ%3D%3D/meta%3AeyJzcmNCdWNrZXQiOiJiemdsZmlsZXMifQ%3D%3D.jpg,Pushiro,,,,
476DIGI013,476DIGI,2013-12-27,"Drunk Hypnotist",2013-12-27,EP,,https://f4.bcbits.com/img/a0822822671_2.jpg,psilodump,,https://psilodump.bandcamp.com/album/drunk-hypnotist,,
476LEG011,476LEG,2020-10-05,"Du Finns",2006-05-31,Single,,https://s3.amazonaws.com/gather.fandalism.com/800x800%2D924506%2D%2D9B305A94%2DE56F%2D4F4A%2D96B98CC3718391EF%2D%2D1601827657310%2D%2DDuFinns5000%2Ejpg,psilodump,https://psilodu.mp/album/3580077/du-finns,https://psilodump.bandcamp.com/album/du-finns,,
476LEG047,476LEG,2024-01-26,Dump,2002-04-05,Single,,https://s3.amazonaws.com/gather.fandalism.com/800x800%2D924506%2D%2D77695AE0%2D020D%2D48C1%2D909DF601864ADC59%2D%2Dmod%2D1720987103%2Ejpg,psilodump,,https://psilodump.bandcamp.com/album/dump,,
476DIGI018,476DIGI,2016-05-11,"Dumputer Music",2016-05-11,Compilation,,https://images.zoogletools.com/s:bzglfiles/u/748708/f2db8929e96aaea3573f46c29d19b65921077c34/original/image.jpeg,psilodump,,,,
476LEG042,476LEG,2023-11-17,eight4,2007-05-04,Single,,https://s3.amazonaws.com/gather.fandalism.com/800x800%2D924506%2D%2D39FB073F%2D1FBB%2D4E2C%2D993F98C817228AE1%2D%2Dmod%2D1750638097%2Ejpg,psilodump,https://psilodu.mp/album/3580072/eight4,,,
476DIGI006,476DIGI,2008-10-01,Elkabel,2011-05-11,Single,,https://f4.bcbits.com/img/a2503703127_2.jpg,psilodump,,https://psilodump.bandcamp.com/album/elkabel,,
476LEG057,476LEG,2024-03-13,Farewell,2001-02-27,Single,,https://s3.amazonaws.com/gather.fandalism.com/800x800%2D924506%2D%2D4CA5131C%2D8FDC%2D4AE4%2DA6CE38A9884A653C%2D%2Dmod%2D1750643560%2Ejpg,psilodump,https://psilodu.mp/album/3353902/farewell,https://psilodump.bandcamp.com/album/farewell,,
476LEG008,476LEG,2020-02-13,"Flow / Rain (Early Risen)",2002-02-18,Single,,https://s3.amazonaws.com/gather.fandalism.com/800x800%2D924506%2D%2D385E002F%2D8ABB%2D4F33%2DB4ECA750AE2DD241%2D%2Dmod%2D1750268221%2Ejpg,psilodump,https://psilodu.mp/album/3353652/flow-rain-early-risen,https://psilodump.bandcamp.com/album/flow-rain-early-risen,,
,,1997-02-03,Fluid,1997-02-03,EP,,,psilodump,,,,
476DIGI035,476DIGI,2023-12-15,"Forlorn Venture",2023-12-15,EP,,https://images.zoogletools.com/s:bzglfiles/u/1255111/15125cf588fc2a403a79e465dbf2870949471af1/original/3000x3000-924506-4f6f62b9-976e-4e5a-93f3a2d2426db26d-mod-1743556935.jpg/!!/b%3AW1sicmVzaXplIixbNjAwLG51bGwseyJ3aXRob3V0RW5sYXJnZW1lbnQiOnRydWUsImZpdCI6Im91dHNpZGUifV1dXQ%3D%3D/meta%3AeyJzcmNCdWNrZXQiOiJiemdsZmlsZXMifQ%3D%3D.jpg,psilodump,,https://psilodump.bandcamp.com/album/forlorn-venture,https://music.apple.com/album/forlorn-venture-single/1721275415,https://www.youtube.com/playlist?list=OLAK5uy_nYWGiD6diZbtP8Cf84IUmmiEpZ9XK55F4
476DIGI027,476DIGI,2023-05-30,Freezer,2023-05-30,Single,,https://images.zoogletools.com/s:bzglfiles/u/1255111/63c3954636bb22cd6e75e88ee5a033cc90be81b0/original/3000x3000-924506-34cb7c68-54b8-4aa2-a5cd095a806b5c53-mod-1744917413.jpg/!!/b%3AW1sicmVzaXplIixbNjAwLG51bGwseyJ3aXRob3V0RW5sYXJnZW1lbnQiOnRydWUsImZpdCI6Im91dHNpZGUifV1dXQ%3D%3D/meta%3AeyJzcmNCdWNrZXQiOiJiemdsZmlsZXMifQ%3D%3D.jpg,psilodump,,https://psilodump.bandcamp.com/album/freezer,,
domizil14,micromusic.net,2001-11-03,"full of sid/microcompo remixes",2001-11-03,EP,,https://d10j3mvrs1suex.cloudfront.net/s:bzglfiles/u/748708/fcc060b0157846bfe3eb63eccc80bfaf25e42a8f/original/img-3500.jpeg/!!/b%3AW1sicmVzaXplIixbNjAwLG51bGwseyJ3aXRob3V0RW5sYXJnZW1lbnQiOnRydWUsImZpdCI6Im91dHNpZGUifV1dXQ%3D%3D/meta%3AeyJzcmNCdWNrZXQiOiJiemdsZmlsZXMifQ%3D%3D.jpg,psilodump,,,,
,,2008-11-18,Gallop,2008-11-18,Single,,,psilodump,https://www.youtube.com/watch?v=8S0dp8dHBHM,,,https://www.youtube.com/watch?v=8S0dp8dHBHM
SOHR008,,2002-05-27,Gamma,2002-05-27,EP,,https://d10j3mvrs1suex.cloudfront.net/s:bzglfiles/u/748708/5b439ef2b33644273566babaef1908b62a13b940/original/2002-05-27-gamma-ep-2.jpg/!!/b%3AW1sicmVzaXplIixbNjAwLG51bGwseyJ3aXRob3V0RW5sYXJnZW1lbnQiOnRydWUsImZpdCI6Im91dHNpZGUifV1dXQ%3D%3D/meta%3AeyJzcmNCdWNrZXQiOiJiemdsZmlsZXMifQ%3D%3D.jpg,psilodump,,,,
476LEG029,476LEG,2023-07-29,"Get Down",1995-12-15,Single,,https://s3.amazonaws.com/gather.fandalism.com/800x800%2D924506%2D%2D6BB7D31D%2D3A30%2D488F%2DBAA1945096264A4C%2D%2Dmod%2D1750635656%2Ejpg,psilodump,https://psilodu.mp/album/3353772/get-down,https://psilodump.bandcamp.com/album/get-down,,
,,,"Greatest Hits",1994-12-01,Compilation,,https://i.discogs.com/3xSUysuvahmDjVdF-lc9UTTRk4zcjMYcLcoUw2gz7hY/rs:fit/g:sm/q:90/h:256/w:320/czM6Ly9kaXNjb2dz/LWRhdGFiYXNlLWlt/YWdlcy9SLTU4MjUy/MDktMTQwMzcyNDYz/OS0yNTY2LmpwZWc.jpeg,psilodump,,,,
476DIGI037,476DIGI,2024-04-03,"Grouchy Gysta, Hidden Matskål",2024-04-03,EP,,https://images.zoogletools.com/s:bzglfiles/u/1255111/0cfbf54a7eda9f61452f6ba77e978efd549c426c/original/3000x3000-924506-c60e38be-e6c0-44c9-bbd293ee5620edd3-mod-1720224191.jpg/!!/b%3AW1sicmVzaXplIixbNjAwLG51bGwseyJ3aXRob3V0RW5sYXJnZW1lbnQiOnRydWUsImZpdCI6Im91dHNpZGUifV1dXQ%3D%3D/meta%3AeyJzcmNCdWNrZXQiOiJiemdsZmlsZXMifQ%3D%3D.jpg,psilodump,,https://psilodump.bandcamp.com/album/grouchy-gysta-hidden-matsk-l,https://music.apple.com/album/grouchy-gysta-hidden-matsk%C3%A5l-single/1739400953,https://www.youtube.com/playlist?list=OLAK5uy_ksK2rEYq4X-loctdWaqp9gFciu9neHuDQ
ACIDSIB001,,2018-07-28,"Haste (psilodump remix)",2018-07-28,Single,,https://s3.amazonaws.com/gather.fandalism.com/800x800%2D924506%2D%2DBE3BE758%2D8D0C%2D4CBF%2D94C4F23CBF8DD1A2%2D%2Dmod%2D1710193860%2Ejpg,psilodump,,,,
476DIGI024,476DIGI,2020-07-21,Hedron,2020-07-21,Single,,https://images.zoogletools.com/s:bzglfiles/u/1255111/b926f19e96c71f24a77acaf4369f11ceaa4b3e7b/original/3000x3000-924506-7fb3429b-5c78-4ac1-95f49d628c017dbd-0-658697-hedron2.jpg/!!/b%3AW1sicmVzaXplIixbNjAwLG51bGwseyJ3aXRob3V0RW5sYXJnZW1lbnQiOnRydWUsImZpdCI6Im91dHNpZGUifV1dXQ%3D%3D/meta%3AeyJzcmNCdWNrZXQiOiJiemdsZmlsZXMifQ%3D%3D.jpg,psilodump,,https://psilodump.bandcamp.com/album/hedron,,
476DIGI025,476DIGI,2020-09-29,Helt,2020-09-29,EP,,https://images.zoogletools.com/s:bzglfiles/u/1255111/0433770956b8999d58146a63f52891f1cb6e433d/original/3000x3000-924506-36b00a75-f8e8-458a-a7b8c41a30d92386-mod-1758357712.jpg/!!/b%3AW1sicmVzaXplIixbNjAwLG51bGwseyJ3aXRob3V0RW5sYXJnZW1lbnQiOnRydWUsImZpdCI6Im91dHNpZGUifV1dXQ%3D%3D/meta%3AeyJzcmNCdWNrZXQiOiJiemdsZmlsZXMifQ%3D%3D.jpg,psilodump,,https://psilodump.bandcamp.com/album/helt,,
476DIGI004,476DIGI,2009-12-08,"Hidden Trains of Pippuri",2009-12-08,EP,,https://images.zoogletools.com/s:bzglfiles/u/1255111/e870a90f36e869f41544e9baf38aee687700daa2/original/924506-e669f757-c9f2-4b89-8cf25b09b57e8c49-1553025701764-hiddentrains.jpg/!!/b%3AW1sicmVzaXplIixbNjAwLG51bGwseyJ3aXRob3V0RW5sYXJnZW1lbnQiOnRydWUsImZpdCI6Im91dHNpZGUifV1dXQ%3D%3D/meta%3AeyJzcmNCdWNrZXQiOiJiemdsZmlsZXMifQ%3D%3D.jpg,psilodump,,https://psilodump.bandcamp.com/album/hidden-trains-of-pippuri,,
476LEG012,476LEG,2022-10-16,high-low-dump,1999-10-05,Single,,https://s3.amazonaws.com/gather.fandalism.com/800x800%2D924506%2D%2D4D46CC61%2D4C02%2D4C77%2D8419A146B9D133EB%2D%2Dmod%2D1678179706%2Ejpg,psilodump,,,,
,micromusic.net,2006-01-10,Housut,2006-01-10,Single,,https://d10j3mvrs1suex.cloudfront.net/s:bzglfiles/u/748708/5933ba864f8d374579a66c5f01e8924075c80339/original/micromusic-background.png/!!/b%3AW1sicmVzaXplIixbNjAwLG51bGwseyJ3aXRob3V0RW5sYXJnZW1lbnQiOnRydWUsImZpdCI6Im91dHNpZGUifV1dXQ%3D%3D/meta%3AeyJzcmNCdWNrZXQiOiJiemdsZmlsZXMifQ%3D%3D.png,psilodump,,,,
,micromusic.net,2001-02-21,huvudwerk,2001-02-21,Single,,https://d10j3mvrs1suex.cloudfront.net/s:bzglfiles/u/748708/5933ba864f8d374579a66c5f01e8924075c80339/original/micromusic-background.png/!!/b%3AW1sicmVzaXplIixbNjAwLG51bGwseyJ3aXRob3V0RW5sYXJnZW1lbnQiOnRydWUsImZpdCI6Im91dHNpZGUifV1dXQ%3D%3D/meta%3AeyJzcmNCdWNrZXQiOiJiemdsZmlsZXMifQ%3D%3D.png,psilodump,,,,
476LEG066,476LEG,2025-04-30,"Inflicting Noise",1996-12-25,Single,,https://s3.amazonaws.com/gather.fandalism.com/800x800%2D924506%2D%2D0337973C%2DD3CD%2D4AFB%2DB07E7FACAB1AEA76%2D%2D0%2D%2D2783381%2D%2DIMG5591%2Ejpg,psilodump,https://psilodu.mp/album/3447227/inflicting-noise,https://methadump.bandcamp.com/album/inflicting-noise,,
476LEG039,476LEG,2023-11-14,Intermediate,2008-08-02,EP,,https://s3.amazonaws.com/gather.fandalism.com/800x800%2D924506%2D%2DBD4E0A1E%2DF2F2%2D4249%2DA87A0BFB4F9559D6%2D%2Dmod%2D1709954495%2Ejpg,psilodump,https://psilodu.mp/album/3486952/intermediate,,,
476DIGI028,476DIGI,2023-06-18,"Ironhorse Lost in Space",2023-06-18,Single,,https://images.zoogletools.com/s:bzglfiles/u/1255111/c3bfefea6a7e40fd696259ec62cdfc7a15487870/original/3000x3000-924506-69cf1344-5502-45a8-82d232bf9e077e14-0-11875972-ironhorselostinspacefixeddec23.jpg/!!/b%3AW1sicmVzaXplIixbNjAwLG51bGwseyJ3aXRob3V0RW5sYXJnZW1lbnQiOnRydWUsImZpdCI6Im91dHNpZGUifV1dXQ%3D%3D/meta%3AeyJzcmNCdWNrZXQiOiJiemdsZmlsZXMifQ%3D%3D.jpg,psilodump,,https://psilodump.bandcamp.com/album/ironhorse-lost-in-space,,
476LEG048,476LEG,2024-01-29,"Jag Minns Inte",2003-02-27,Single,,https://s3.amazonaws.com/gather.fandalism.com/800x800%2D924506%2D%2D80543451%2D04A8%2D4F3E%2D92A9F0849D08CEF1%2D%2Dmod%2D1748542883%2Ejpg,psilodump,https://psilodu.mp/album/3346294/jag-minns-inte,https://psilodump.bandcamp.com/album/jag-minns-inte,,
,micromusic.net,2005-08-23,"Jag Minns Inte (Inexpensive & BitGeni Remix)",2005-08-23,Single,,https://d10j3mvrs1suex.cloudfront.net/s:bzglfiles/u/748708/5933ba864f8d374579a66c5f01e8924075c80339/original/micromusic-background.png/!!/b%3AW1sicmVzaXplIixbNjAwLG51bGwseyJ3aXRob3V0RW5sYXJnZW1lbnQiOnRydWUsImZpdCI6Im91dHNpZGUifV1dXQ%3D%3D/meta%3AeyJzcmNCdWNrZXQiOiJiemdsZmlsZXMifQ%3D%3D.png,psilodump,,,,
476DIGI014,476DIGI,2014-03-02,"Jag Minns Inte Remixes",2014-03-02,EP,,https://images.zoogletools.com/s:bzglfiles/u/1255111/4e392f2e2fbf1758aea7a182b5a3cd28a9658d32/original/3000x3000-924506-4d806cd6-57a2-4348-940f331e11943aec-mod-1748542910.jpg/!!/b%3AW1sicmVzaXplIixbNjAwLG51bGwseyJ3aXRob3V0RW5sYXJnZW1lbnQiOnRydWUsImZpdCI6Im91dHNpZGUifV1dXQ%3D%3D/meta%3AeyJzcmNCdWNrZXQiOiJiemdsZmlsZXMifQ%3D%3D.jpg,psilodump,,https://psilodump.bandcamp.com/album/jag-minns-inte-remixes,,
mtk155,,2005-11-03,"Jag och Psilodump",2005-11-03,MiniAlbum,,https://d10j3mvrs1suex.cloudfront.net/s:bzglfiles/u/748708/50121f993ef3f9c180d8d6cafe33cb12f9268793/original/mtk155.jpg/!!/b%3AW1sicmVzaXplIixbNjAwLG51bGwseyJ3aXRob3V0RW5sYXJnZW1lbnQiOnRydWUsImZpdCI6Im91dHNpZGUifV1dXQ%3D%3D/meta%3AeyJzcmNCdWNrZXQiOiJiemdsZmlsZXMifQ%3D%3D.jpg,psilodump,https://netlabelarchive.org/2005/11/03/mtk155/,https://psilodump.bandcamp.com/album/jag-och-psilodump,,https://youtu.be/bDSmnHWR9v0
476DIGI031,476DIGI,2023-10-10,"Juusto, We Have a Problem",2023-10-10,Single,,https://images.zoogletools.com/s:bzglfiles/u/1255111/ee34800e63d36503cbbfd8586bf87f5c37d4dc55/original/3000x3000-924506-accb637c-1f11-4ea0-ab7ce3f3967db328-mod-1744192441.jpg/!!/b%3AW1sicmVzaXplIixbNjAwLG51bGwseyJ3aXRob3V0RW5sYXJnZW1lbnQiOnRydWUsImZpdCI6Im91dHNpZGUifV1dXQ%3D%3D/meta%3AeyJzcmNCdWNrZXQiOiJiemdsZmlsZXMifQ%3D%3D.jpg,psilodump,,https://psilodump.bandcamp.com/album/juusto-we-have-a-problem,,
476DIGI008,476DIGI,2012-10-08,Kanon,2012-10-08,Single,,https://images.zoogletools.com/s:bzglfiles/u/1255111/0be24c40aefdf315e5c87a9e292bd9b5dfc78a25/original/3000x3000-924506-127911d8-044f-4b91-b9606cc646cdc8e2-mod-1704981695.jpg/!!/b%3AW1sicmVzaXplIixbNjAwLG51bGwseyJ3aXRob3V0RW5sYXJnZW1lbnQiOnRydWUsImZpdCI6Im91dHNpZGUifV1dXQ%3D%3D/meta%3AeyJzcmNCdWNrZXQiOiJiemdsZmlsZXMifQ%3D%3D.jpg,psilodump,,https://psilodump.bandcamp.com/album/kanon,,
476DIGI023,476DIGI,2019-12-19,"Kanske Lite",2019-12-19,Album,,https://images.zoogletools.com/s:bzglfiles/u/748708/4e26e977b0590c7d4b518dd4f4536913ba0f864f/original/img-4025.jpeg/!!/b%3AW1sicmVzaXplIixbNjAwLG51bGwseyJ3aXRob3V0RW5sYXJnZW1lbnQiOnRydWUsImZpdCI6Im91dHNpZGUifV1dXQ%3D%3D/meta%3AeyJzcmNCdWNrZXQiOiJiemdsZmlsZXMifQ%3D%3D.jpg,psilodump,,https://psilodump.bandcamp.com/album/kanske-lite,https://music.apple.com/album/kanske-lite/1748829856,https://www.youtube.com/watch?v=NOM34U6jXU0
476LEG069,476LEG,2025-06-04,"Kom Tillbakaaa",2003-11-16,Single,,https://s3.amazonaws.com/gather.fandalism.com/800x800%2D924506%2D%2D8B8E9D89%2DE00D%2D47E5%2DBBCB33C8187F3B1F%2D%2D0%2D%2D7004682%2D%2DIMG6485%2Ejpg,psilodump,https://psilodu.mp/album/3508163/kom-tillbakaaa,,,
476LEG064,476LEG,2024-06-10,"Låtsades Krama",2004-01-16,Single,,https://s3.amazonaws.com/gather.fandalism.com/800x800%2D924506%2D%2D35C0A1A9%2D8B08%2D4FA2%2D83A9CADBBD2D7770%2D%2Dmod%2D1750641787%2Ejpg,psilodump,https://psilodu.mp/album/3346288/latsades-krama,https://psilodump.bandcamp.com/album/l-tsades-krama,,
476DIGI015,476DIGI,2014-03-02,"Låtsades Krama Remixes",2014-03-02,EP,,https://images.zoogletools.com/s:bzglfiles/u/1255111/5828016d9923bc2ed0f89e7bcf5d59b6e37b9d1a/original/3000x3000-924506-b697cd34-5ec2-4cfb-aacb10ca178aedbb-0-2145168-remixes.jpg/!!/b%3AW1sicmVzaXplIixbNjAwLG51bGwseyJ3aXRob3V0RW5sYXJnZW1lbnQiOnRydWUsImZpdCI6Im91dHNpZGUifV1dXQ%3D%3D/meta%3AeyJzcmNCdWNrZXQiOiJiemdsZmlsZXMifQ%3D%3D.jpg,psilodump,,https://psilodump.bandcamp.com/album/l-tsades-krama-remixes,,
476LEG010,476LEG,2020-10-04,Leaves,2001-10-15,Single,,https://s3.amazonaws.com/gather.fandalism.com/800x800%2D924506%2D%2DA9DA66DD%2D5A79%2D4068%2D972184B8C99D36E3%2D%2Dmod%2D1750638889%2Ejpg,psilodump,https://psilodu.mp/album/3353601/leaves,https://psilodump.bandcamp.com/album/leaves,,
476LEG055,476LEG,2024-02-26,"Let Me In",2005-09-03,Single,,https://s3.amazonaws.com/gather.fandalism.com/800x800%2D924506%2D%2D4ED58BD5%2D800C%2D47C7%2D9D9BD86B9666E8C8%2D%2D0%2D%2D13615047%2D%2DLetMeInFinal2024%2Ejpg,psilodump,https://psilodu.mp/album/3353832/let-me-in,https://psilodump.bandcamp.com/album/let-me-in,,
476DIGI022,476DIGI,2019-02-11,Loop,2019-02-11,Single,,https://images.zoogletools.com/s:bzglfiles/u/1255111/c948ce647c5d33934ebfd7b86c5f95a423bcda34/original/3000x3000-924506-0be5312a-1c10-4b72-b78e6d33f3647931-mod-1748539472.jpg/!!/b%3AW1sicmVzaXplIixbNjAwLG51bGwseyJ3aXRob3V0RW5sYXJnZW1lbnQiOnRydWUsImZpdCI6Im91dHNpZGUifV1dXQ%3D%3D/meta%3AeyJzcmNCdWNrZXQiOiJiemdsZmlsZXMifQ%3D%3D.jpg,psilodump,,https://psilodump.bandcamp.com/album/loop,,
kahvi092,,2003-12-04,Melia,2003-12-04,EP,,https://d10j3mvrs1suex.cloudfront.net/s:bzglfiles/u/748708/52aa255326cc798a7cdbda6339926621653cb415/original/kahvi092large.jpg/!!/b%3AW1sicmVzaXplIixbNjAwLG51bGwseyJ3aXRob3V0RW5sYXJnZW1lbnQiOnRydWUsImZpdCI6Im91dHNpZGUifV1dXQ%3D%3D/meta%3AeyJzcmNCdWNrZXQiOiJiemdsZmlsZXMifQ%3D%3D.jpg,psilodump,,https://psilodump.bandcamp.com/album/melia-ep-redump,,
8BP040,8bitpeoples,2004-03-02,"memory loss",2004-03-02,EP,,https://d10j3mvrs1suex.cloudfront.net/s:bzglfiles/u/748708/f8d7c646beed248bf685a6f994a3bb7bdfc03cf4/original/img-4245.jpeg/!!/b%3AW1sicmVzaXplIixbNjAwLG51bGwseyJ3aXRob3V0RW5sYXJnZW1lbnQiOnRydWUsImZpdCI6Im91dHNpZGUifV1dXQ%3D%3D/meta%3AeyJzcmNCdWNrZXQiOiJiemdsZmlsZXMifQ%3D%3D.jpg,psilodump,,https://psilodump.bandcamp.com/album/memory-loss-ep-redump,,
8BP114,8bitpeoples,2011-01-05,Metronomnomnom,2011-01-05,EP,,https://s3.amazonaws.com/gather.fandalism.com/800x800%2D924506%2D%2D214F92DD%2D3E5A%2D431E%2D9247AAA430FFB40C%2D%2D1553027989909%2D%2Dmetro2019%2Ejpg,psilodump,,https://psilodump.bandcamp.com/album/metronomnomnom,,
476LEG031,476LEG,2023-09-01,Mimosa,2001-11-23,Single,,https://s3.amazonaws.com/gather.fandalism.com/800x800%2D924506%2D%2D05D5E276%2D4E34%2D40EC%2DBBAD6A48BB3CD10F%2D%2Dmod%2D1708309582%2Ejpg,psilodump,https://psilodu.mp/album/3344863/mimosa,https://psilodump.bandcamp.com/album/mimosa,,
476LEG013,476LEG,2022-11-01,Mind,2004-09-15,Single,,https://s3.amazonaws.com/gather.fandalism.com/800x800%2D924506%2D%2D2D9021EE%2D4383%2D40D4%2D90A3DA5885A6BB9E%2D%2Dmod%2D1748559378%2Ejpg,psilodump,https://psilodu.mp/album/3606217/mind,,,
476LEG018,476LEG,2022-11-22,mistake5,2004-09-06,Single,,https://s3.amazonaws.com/gather.fandalism.com/800x800%2D924506%2D%2DB6CCEADE%2D5AAB%2D4030%2DAEB7FCFF207B24E0%2D%2Dmod%2D1748024479%2Ejpg,psilodump,https://psilodu.mp/album/3606218/mistake5,https://psilodump.bandcamp.com/album/mistake5,,
AoR002,,2005-06-27,Modify,2005-06-27,EP,"The Art of Realistix",https://dn721707.ca.archive.org/0/items/mbid-2b247588-bdee-486e-9283-e5487d043c20/mbid-2b247588-bdee-486e-9283-e5487d043c20-23318282447.jpg,Pushiro,,,,
,,1998-12-19,"Moral Panic",1998-12-19,Album,,https://d10j3mvrs1suex.cloudfront.net/s:bzglfiles/u/748708/6f48d1e0af0f2fe376a7a7fbe668a12a011f9bee/original/img-3658.jpeg/!!/b%3AW1sicmVzaXplIixbNjAwLG51bGwseyJ3aXRob3V0RW5sYXJnZW1lbnQiOnRydWUsImZpdCI6Im91dHNpZGUifV1dXQ%3D%3D/meta%3AeyJzcmNCdWNrZXQiOiJiemdsZmlsZXMifQ%3D%3D.jpg,psilodump,,,,https://www.youtube.com/watch?v=XDtqWIuoBu8
476DIGI007,476DIGI,2008-11-07,Muikku,2011-11-23,Single,,https://f4.bcbits.com/img/a3292932533_2.jpg,psilodump,,https://psilodump.bandcamp.com/album/muikku,,
8BP068,8bitpeoples,2006-12-22,"Mutiny of the Robots",2006-12-22,EP,,https://d10j3mvrs1suex.cloudfront.net/s:bzglfiles/u/748708/b10605ac16aed5d09865ccf24d38a3a702e7df77/original/img-4252.jpeg/!!/b%3AW1sicmVzaXplIixbNjAwLG51bGwseyJ3aXRob3V0RW5sYXJnZW1lbnQiOnRydWUsImZpdCI6Im91dHNpZGUifV1dXQ%3D%3D/meta%3AeyJzcmNCdWNrZXQiOiJiemdsZmlsZXMifQ%3D%3D.jpg,psilodump,,https://psilodump.bandcamp.com/album/mutiny-of-the-robots,,
476DIGI026,476DIGI,2023-04-20,Muurahaiset,2023-04-20,Single,,https://images.zoogletools.com/s:bzglfiles/u/1255111/45b2283739b6696d82a2e7e53e2aba561a0ec5ce/original/3000x3000-924506-e35eab8b-31ae-45e0-9876285d1d94bbb4-mod-1710093175.jpg/!!/b%3AW1sicmVzaXplIixbNjAwLG51bGwseyJ3aXRob3V0RW5sYXJnZW1lbnQiOnRydWUsImZpdCI6Im91dHNpZGUifV1dXQ%3D%3D/meta%3AeyJzcmNCdWNrZXQiOiJiemdsZmlsZXMifQ%3D%3D.jpg,psilodump,,https://psilodump.bandcamp.com/album/muurahaiset,,
476LEG052,476LEG,2024-02-12,nej,2000-01-29,Single,,https://s3.amazonaws.com/gather.fandalism.com/800x800%2D924506%2D%2DE92E2E4E%2D4FE2%2D4F7D%2DBA9289E59B52A7B4%2D%2Dmod%2D1744211564%2Ejpg,psilodump,,https://psilodump.bandcamp.com/album/nej,,
476CD001D,,2006-09-18,"Never Heal",2006-09-18,Album,,https://images.zoogletools.com/s:bzglfiles/u/1255111/46d4ebf72f81fbe7b2d07eb3d645c65ff206bc41/original/3000x3000-924506-6acd840c-c58b-44de-9afedcbef005531e-mod-1709668886.jpg/!!/b%3AW1sicmVzaXplIixbNjAwLG51bGwseyJ3aXRob3V0RW5sYXJnZW1lbnQiOnRydWUsImZpdCI6Im91dHNpZGUifV1dXQ%3D%3D/meta%3AeyJzcmNCdWNrZXQiOiJiemdsZmlsZXMifQ%3D%3D.jpg,psilodump,,https://psilodump.bandcamp.com/album/never-heal,https://music.apple.com/album/never-heal/1455629724,https://www.youtube.com/watch?v=Zw881LUgA9Y
476DIGI016,476DIGI,2014-05-25,Nine,2014-05-25,EP,,https://images.zoogletools.com/s:bzglfiles/u/1255111/ff167a01230351f861226c7d2bf8a3a439433d02/original/3000x3000-924506-00ce33a5-c158-4db2-a8530dfbc1b1324d-mod-1745876813.jpg/!!/b%3AW1sicmVzaXplIixbNjAwLG51bGwseyJ3aXRob3V0RW5sYXJnZW1lbnQiOnRydWUsImZpdCI6Im91dHNpZGUifV1dXQ%3D%3D/meta%3AeyJzcmNCdWNrZXQiOiJiemdsZmlsZXMifQ%3D%3D.jpg,psilodump,,https://psilodump.bandcamp.com/album/nine,,
,,1997-11-04,"No F--king Name",1997-11-04,EP,,,psilodump,,,,
,,1997-09-06,"Not Today",1997-09-06,Album,,https://d10j3mvrs1suex.cloudfront.net/s:bzglfiles/u/748708/4f2acf37153f2aedcf29ec41ae57cb6abc105bb8/original/img-4031.png/!!/b%3AW1sicmVzaXplIixbNjAwLG51bGwseyJ3aXRob3V0RW5sYXJnZW1lbnQiOnRydWUsImZpdCI6Im91dHNpZGUifV1dXQ%3D%3D/meta%3AeyJzcmNCdWNrZXQiOiJiemdsZmlsZXMifQ%3D%3D.png,psilodump,,,,https://www.youtube.com/watch?v=dKF85zHGvWc
Art002,,,"Now Get THIS!!!",1996,,,https://d10j3mvrs1suex.cloudfront.net/s:bzglfiles/u/748708/73071466952c069c0729c1d384f90e6533690b17/original/img-4106.jpeg/!!/b%3AW1sicmVzaXplIixbNjAwLG51bGwseyJ3aXRob3V0RW5sYXJnZW1lbnQiOnRydWUsImZpdCI6Im91dHNpZGUifV1dXQ%3D%3D/meta%3AeyJzcmNCdWNrZXQiOiJiemdsZmlsZXMifQ%3D%3D.jpg,psilodump,,,,
476LEG040,476LEG,2023-11-14,"Ok, So the Ninjas Went to Space...",2006-03-19,Single,,https://s3.amazonaws.com/gather.fandalism.com/800x800%2D924506%2D%2DCB83A050%2D95A9%2D45A4%2D848A2046A24D6F34%2D%2Dmod%2D1709949866%2Ejpg,psilodump,https://psilodu.mp/album/3580080/ok-so-the-ninjas-went-to-space,https://psilodump.bandcamp.com/album/ok-so-the-ninjas-went-to-space,,
476LEG???,476LEG,,"Okay, Bigshot!!!",1995-08-15,EP,,,,,,,
476LEG038,476LEG,2023-11-13,"Only See Myself",2007-03-14,Single,,https://s3.amazonaws.com/gather.fandalism.com/800x800%2D924506%2D%2D662DD0E5%2DCC8D%2D404E%2DB46AE0B9AA1222A0%2D%2Dmod%2D1750268682%2Ejpg,psilodump,https://psilodu.mp/album/3580073/only-see-myself,,,
476DIGI034,476DIGI,2023-11-27,"Overwhelming Balloon Animal Blunder",2023-11-27,Single,,https://images.zoogletools.com/s:bzglfiles/u/1255111/ef6b9b105a10251b932dcf5c7fee6db722ecc3c7/original/3000x3000-924506-769c0501-0165-4470-bccd7d19fbd821f6-mod-1708311592.jpg/!!/b%3AW1sicmVzaXplIixbNjAwLG51bGwseyJ3aXRob3V0RW5sYXJnZW1lbnQiOnRydWUsImZpdCI6Im91dHNpZGUifV1dXQ%3D%3D/meta%3AeyJzcmNCdWNrZXQiOiJiemdsZmlsZXMifQ%3D%3D.jpg,psilodump,,https://psilodump.bandcamp.com/album/overwhelming-balloon-animal-blunder,https://music.apple.com/album/overwhelming-balloon-animal-blunder-single/1718685269,https://www.youtube.com/playlist?list=OLAK5uy_ncdwkwm-jlBclRPUwveJXnY6yOcwooLRI
476LEG025,476LEG,2023-06-22,Pantropical,2001-03-01,Single,,https://s3.amazonaws.com/gather.fandalism.com/800x800%2D924506%2D%2DAC5A0C00%2D2FC1%2D4577%2D98AE781C276C590E%2D%2Dmod%2D1750637064%2Ejpg,psilodump,https://psilodu.mp/album/3332330/pantropical,https://psilodump.bandcamp.com/album/pantropical,,
,,1997-04-08,"Party On",1997-04-08,EP,,,psilodump,,,,
476LEG035,476LEG,2023-10-24,"Party On!",1996-12-11,Single,,https://s3.amazonaws.com/gather.fandalism.com/800x800%2D924506%2D%2D046FDC8B%2DC576%2D4AF7%2D9527D520826A3485%2D%2Dmod%2D1708754799%2Ejpg,psilodump,https://psilodu.mp/album/3353911/party-on,https://psilodump.bandcamp.com/album/party-on,,https://www.youtube.com/watch?v=r-jBjo8G49Y
,micromusic.net,2000-09-06,phoneterror,2000-09-06,Single,,https://d10j3mvrs1suex.cloudfront.net/s:bzglfiles/u/748708/5933ba864f8d374579a66c5f01e8924075c80339/original/micromusic-background.png/!!/b%3AW1sicmVzaXplIixbNjAwLG51bGwseyJ3aXRob3V0RW5sYXJnZW1lbnQiOnRydWUsImZpdCI6Im91dHNpZGUifV1dXQ%3D%3D/meta%3AeyJzcmNCdWNrZXQiOiJiemdsZmlsZXMifQ%3D%3D.png,psilodump,,,,
476LEG014,476LEG,2022-11-02,Pin,2005-12-13,Single,,https://s3.amazonaws.com/gather.fandalism.com/800x800%2D924506%2D%2DFCCB07BA%2D4F1A%2D4E42%2D899A379F3CD9D71C%2D%2Dmod%2D1678020674%2Ejpg,psilodump,https://psilodu.mp/album/3580085/pin,,,
476LEG032,476LEG,2023-09-06,psilodumputer,2000-07-14,Single,,https://s3.amazonaws.com/gather.fandalism.com/800x800%2D924506%2D%2D1B1E9387%2DF5B8%2D4778%2D88FA9891BAFB7AA5%2D%2D0%2D%2D4799095%2D%2DPsilodumputerDeluxe476Final2024Fix%2Ejpg,psilodump,https://psilodu.mp/album/3353825/psilodumputer,https://psilodump.bandcamp.com/album/psilodumputer-2,,
"NiDiPsi01 / XD-CD-001",,2006-01-19,psilodumputer,2006-01-19,Album,,https://s3.amazonaws.com/gather.fandalism.com/800x800%2D924506%2D%2DB096E060%2DF3C1%2D4DC6%2D880ECF02185A6D6D%2D%2D1595286767572%2D%2DOMSLAGET20205%2Ejpg,psilodump,,https://psilodump.bandcamp.com/album/psilodumputer,https://music.apple.com/album/psilodumputer/1524530155,https://youtu.be/DinsvOF-faY
,micromusic.net,2000-07-27,psilodumputer,2000-07-27,Single,,https://d10j3mvrs1suex.cloudfront.net/s:bzglfiles/u/748708/5933ba864f8d374579a66c5f01e8924075c80339/original/micromusic-background.png/!!/b%3AW1sicmVzaXplIixbNjAwLG51bGwseyJ3aXRob3V0RW5sYXJnZW1lbnQiOnRydWUsImZpdCI6Im91dHNpZGUifV1dXQ%3D%3D/meta%3AeyJzcmNCdWNrZXQiOiJiemdsZmlsZXMifQ%3D%3D.png,psilodump,,,,
476LEG065,476LEG,2025-03-03,psilojump,2001-02-08,Single,,https://s3.amazonaws.com/gather.fandalism.com/800x800%2D924506%2D%2D62C79FCA%2D993A%2D45E7%2D9A367DE0D2C7CB1B%2D%2D0%2D%2D5479597%2D%2DPsilojumpBestsoFar3000new2%2Ejpg,psilodump,https://psilodu.mp/album/3344236/psilojump,,,
476LEG003,476LEG,2017-10-20,"psilojump (Sienis Remix)",2005-02-22,Single,,https://d10j3mvrs1suex.cloudfront.net/s:bzglfiles/u/748708/85a9d5722d39c5d06a7374fe5e2163b5e8a9cadc/original/psilodumputer-sienis.png/!!/b%3AW1sic2l6ZSIsInBob3RvIl1d/meta%3AeyJzcmNCdWNrZXQiOiJiemdsZmlsZXMifQ%3D%3D.png,,,,,
476HEAL1,,2023-08-01,psilophytondapsile,2006-05-04,EP,,https://s3.amazonaws.com/gather.fandalism.com/800x800%2D924506%2D%2D4B88CA8B%2D631D%2D41FA%2D85BC019F7E6BF418%2D%2Dmod%2D1745075772%2Ejpg,psilodump,,,,
476LEG060,476LEG,2024-04-03,Recovery,1997-01-04,Single,,https://s3.amazonaws.com/gather.fandalism.com/800x800%2D924506%2D%2D625E2ED2%2D873C%2D4CF5%2DB5757821A106B835%2D%2D0%2D%2D8014226%2D%2DRecovery47632024Final%2Ejpg,psilodump,,https://psilodump.bandcamp.com/album/recovery,,https://www.youtube.com/watch?v=nmfnigulkXU
476LEG023,476LEG,2022-12-22,Rethought7,2004-08-21,Single,,https://s3.amazonaws.com/gather.fandalism.com/800x800%2D924506%2D%2DEB50F84C%2DB5C4%2D4C37%2D92DA71505F3954CE%2D%2Dmod%2D1709952717%2Ejpg,psilodump,https://psilodu.mp/album/3353723/rethought7,https://psilodump.bandcamp.com/album/rethought7,,
476LEG071,476LEG,2025-06-10,"Roboil Modulator",2009-01-06,Single,"476 Digital",https://s3.amazonaws.com/gather.fandalism.com/800x800%2D924506%2D%2D195868FF%2D8C2E%2D4EED%2DBE61564430258EF1%2D%2D0%2D%2D13373164%2D%2DIMG6626%2Ejpg,"Paza Rahm, psilodump",https://psilodu.mp/album/3517860/roboil-modulator,,,
476LEG015,476LEG,2022-11-04,"Room With No Exit",2005-01-31,Single,,https://s3.amazonaws.com/gather.fandalism.com/800x800%2D924506%2D%2D8310C7C6%2D5690%2D4DD1%2D968DF94FD16D4BB4%2D%2Dmod%2D1688874509%2Ejpg,psilodump,https://psilodu.mp/album/3606215/room-with-no-exit,,,
CANDY028,"Candy Mind",2006-08-30,"Room with No Exit 12""",2006-08-30,EP,,https://d10j3mvrs1suex.cloudfront.net/s:bzglfiles/u/748708/3b5fe3057ef9346f16e8d0fcb62e767bb620be8f/original/candy028.jpg/!!/b%3AW1sicmVzaXplIixbNjAwLG51bGwseyJ3aXRob3V0RW5sYXJnZW1lbnQiOnRydWUsImZpdCI6Im91dHNpZGUifV1dXQ%3D%3D/meta%3AeyJzcmNCdWNrZXQiOiJiemdsZmlsZXMifQ%3D%3D.jpg,psilodump,,https://psilodump.bandcamp.com/album/room-with-no-exit-ep,,
476DIGI012,476DIGI,2013-12-13,Ryck,2013-12-13,EP,,https://f4.bcbits.com/img/a0282874240_2.jpg,psilodump,,https://psilodump.bandcamp.com/album/ryck,,
476DIGI020,476DIGI,2018-08-21,Sanguine,2018-08-21,EP,,https://images.zoogletools.com/s:bzglfiles/u/1255111/ce4725b0fcadaad667754f999e937db61f4d8564/original/924506-a81ef385-27fe-475c-814d26a73c5c68d7-1534823116633-psilodumpgroundsketch4000.jpg/!!/b%3AW1sicmVzaXplIixbNjAwLG51bGwseyJ3aXRob3V0RW5sYXJnZW1lbnQiOnRydWUsImZpdCI6Im91dHNpZGUifV1dXQ%3D%3D/meta%3AeyJzcmNCdWNrZXQiOiJiemdsZmlsZXMifQ%3D%3D.jpg,psilodump,,https://psilodump.bandcamp.com/album/sanguine,,
476LEG006,476LEG,2020-02-01,Saturnus,2001-10-29,Single,,https://s3.amazonaws.com/gather.fandalism.com/800x800%2D924506%2D%2DE7F8C5C4%2D56B6%2D43AD%2DA8380C4046D25C9E%2D%2Dmod%2D1744924199%2Ejpg,psilodump,https://psilodu.mp/album/3344242/saturnus,,,
,,2002-02-02,Saturnus,2002-02-02,Single,,https://d10j3mvrs1suex.cloudfront.net/s:bzglfiles/u/748708/1779319489bb82aba1d1a90ecf21fa97a338f593/original/img-3564.jpeg/!!/b%3AW1sicmVzaXplIixbNjAwLG51bGwseyJ3aXRob3V0RW5sYXJnZW1lbnQiOnRydWUsImZpdCI6Im91dHNpZGUifV1dXQ%3D%3D/meta%3AeyJzcmNCdWNrZXQiOiJiemdsZmlsZXMifQ%3D%3D.jpg,psilodump,,https://psilodump.bandcamp.com/album/saturnus,,
WM-002,,2008-10-01,Scyphozoa,2008-10-01,Single,,https://dn721808.ca.archive.org/0/items/mbid-38b79843-33f6-4fd2-8f20-95def7616339/mbid-38b79843-33f6-4fd2-8f20-95def7616339-21949115442_thumb1200.jpg,,,,,
,,,"Sell Your Brains",2004-07-06,EP,,,psilodump,,,,
476LEG024,476LEG,2022-12-26,"Senki Otus Pt.1",2005-02-19,Single,,https://s3.amazonaws.com/gather.fandalism.com/800x800%2D924506%2D%2DFFB35A0E%2DCEEB%2D4175%2DAB8E52AF460A1EC5%2D%2Dmod%2D1678187077%2Ejpg,psilodump,https://psilodu.mp/album/3606213/senki-otus-pt-1,,,
476LEG058,476LEG,2024-03-20,"Septic Senility",1999-01-07,Single,,https://s3.amazonaws.com/gather.fandalism.com/800x800%2D924506%2D%2D4EA36437%2D4E2D%2D45E6%2DA4F0C15047545B9C%2D%2Dmod%2D1746901102%2Ejpg,psilodump,,https://psilodump.bandcamp.com/album/septic-senility,,
,,2001-08-15,Shareware,2001-08-15,EP,,https://d10j3mvrs1suex.cloudfront.net/s:bzglfiles/u/748708/cb66c5f42e5ff6ee5121a9d4e10afce49054c28b/original/img-3903.jpeg/!!/b%3AW1sicmVzaXplIixbNjAwLG51bGwseyJ3aXRob3V0RW5sYXJnZW1lbnQiOnRydWUsImZpdCI6Im91dHNpZGUifV1dXQ%3D%3D/meta%3AeyJzcmNCdWNrZXQiOiJiemdsZmlsZXMifQ%3D%3D.jpg,,,https://kost.bandcamp.com/album/shareware,,
476DIGI019,476DIGI,2017-04-10,"Simon from Stockholm",2017-04-10,Single,,https://images.zoogletools.com/s:bzglfiles/u/1255111/7550c0593495cd0931d26476fa0457e9a0c35952/original/924506-f0b074d4-00fe-4fe0-bf2bec4e34cd218f-1549330846467-cover3v2textclarity.jpg/!!/b%3AW1sicmVzaXplIixbNjAwLG51bGwseyJ3aXRob3V0RW5sYXJnZW1lbnQiOnRydWUsImZpdCI6Im91dHNpZGUifV1dXQ%3D%3D/meta%3AeyJzcmNCdWNrZXQiOiJiemdsZmlsZXMifQ%3D%3D.jpg,psilodump,,https://psilodump.bandcamp.com/album/simon-from-stockholm,,
,,,Sinus,2002-10-01,EP,,,,,,,
476DIGI011,476DIGI,2013-11-29,Smask,2013-11-29,EP,,https://f4.bcbits.com/img/a1592722117_2.jpg,psilodump,,https://psilodump.bandcamp.com/album/smask-2,,
476LEG062,476LEG,2024-04-17,Snabelspace,2003-04-26,Single,,https://s3.amazonaws.com/gather.fandalism.com/800x800%2D924506%2D%2D76A1DAAA%2D55C9%2D40FD%2DA90036C20BF6AD00%2D%2Dmod%2D1744035396%2Ejpg,psilodump,,https://psilodump.bandcamp.com/album/snabelspace,,
476LEG044,476LEG,2023-12-07,Snow,2013-12-08,Single,,https://s3.amazonaws.com/gather.fandalism.com/800x800%2D924506%2D%2DA41F9838%2D760D%2D47E4%2DAA47D20672A3593E%2D%2D0%2D%2D15478130%2D%2Dsnow5final%2Ejpg,psilodump,https://psilodu.mp/album/3346086/snow,,,
CANDY013,"Candy Mind",2005-10-06,"Sov Gott",2005-10-06,EP,,https://d10j3mvrs1suex.cloudfront.net/s:bzglfiles/u/748708/a38032c2315def0a85c11dc4d3e6a5411b06a947/original/candy013.jpg/!!/b%3AW1sicmVzaXplIixbNjAwLG51bGwseyJ3aXRob3V0RW5sYXJnZW1lbnQiOnRydWUsImZpdCI6Im91dHNpZGUifV1dXQ%3D%3D/meta%3AeyJzcmNCdWNrZXQiOiJiemdsZmlsZXMifQ%3D%3D.jpg,psilodump,,https://psilodump.bandcamp.com/album/sov-gott,,
HXA-005,,2018-12-22,"Spend U",2018-12-22,Single,,https://d10j3mvrs1suex.cloudfront.net/s:bzglfiles/u/748708/8e9ea4551c5b35efd40eaf5b89e2a0c35bed33bf/original/cover.png/!!/b%3AW1sicmVzaXplIixbNjAwLG51bGwseyJ3aXRob3V0RW5sYXJnZW1lbnQiOnRydWUsImZpdCI6Im91dHNpZGUifV1dXQ%3D%3D/meta%3AeyJzcmNCdWNrZXQiOiJiemdsZmlsZXMifQ%3D%3D.png,psilodump,,https://psilodump.bandcamp.com/album/spend-u,,
476DIGI029,476DIGI,2023-07-18,"Spooky Time in the Holy Roman Empire",2023-07-18,Single,,https://images.zoogletools.com/s:bzglfiles/u/1255111/f545c374872d6e66c07594e8eae7d51ee7898ae7/original/3000x3000-924506-93b0014a-d135-4bdf-902c74e91aac6467-mod-1745874129.jpg/!!/b%3AW1sicmVzaXplIixbNjAwLG51bGwseyJ3aXRob3V0RW5sYXJnZW1lbnQiOnRydWUsImZpdCI6Im91dHNpZGUifV1dXQ%3D%3D/meta%3AeyJzcmNCdWNrZXQiOiJiemdsZmlsZXMifQ%3D%3D.jpg,psilodump,,https://psilodump.bandcamp.com/album/spooky-time-in-the-holy-roman-empire,,
,,,"Substandard Sunday",1996-09-23,EP,,,,,,,
476LEG009,476LEG,2020-02-25,Sundried,2015-12-01,Single,,https://s3.amazonaws.com/gather.fandalism.com/800x800%2D924506%2D%2D93368260%2DFAC3%2D4F44%2D896C93BABE626E3B%2D%2Dmod%2D1745785688%2Ejpg,psilodump,https://psilodu.mp/album/3486947/sundried,,,
476LEG049,476LEG,2024-02-03,"Sure Way Think Else",2002-10-02,Single,,https://s3.amazonaws.com/gather.fandalism.com/800x800%2D924506%2D%2D8E81DE41%2D8A2C%2D45F4%2D8D59A46B6CAEA1A2%2D%2Dmod%2D1750635164%2Ejpg,psilodump,https://psilodu.mp/album/3344225/sure-way-think-else,https://psilodump.bandcamp.com/album/sure-way-think-else,,
476DIGI036,476DIGI,2024-02-16,"Suspiciously Average",2024-02-16,Compilation,"476 Digital",https://images.zoogletools.com/s:bzglfiles/u/1255111/4787e3eaa9b1046e8febafa1484c8876246a3d66/original/3000x3000-924506-f95cced2-08a2-415f-8e2892df6c44b613-0-6788464-suspiciouslyaverage2024final.jpg/!!/b%3AW1sicmVzaXplIixbNjAwLG51bGwseyJ3aXRob3V0RW5sYXJnZW1lbnQiOnRydWUsImZpdCI6Im91dHNpZGUifV1dXQ%3D%3D/meta%3AeyJzcmNCdWNrZXQiOiJiemdsZmlsZXMifQ%3D%3D.jpg,psilodump,https://476.digital/476digi036,https://psilodump.bandcamp.com/album/suspiciously-average,https://music.apple.com/album/suspiciously-average/1730444376,https://www.youtube.com/watch?v=WgVw2uaMykE
476LEG041,476LEG,2023-11-16,Sycophant,2003-03-24,Single,,https://s3.amazonaws.com/gather.fandalism.com/800x800%2D924506%2D%2D318379FD%2DEB50%2D4E22%2D934FF781BAB885F1%2D%2Dmod%2D1750611903%2Ejpg,psilodump,,https://psilodump.bandcamp.com/album/sycophant,,
SOHO001,,2003-07-23,Symptom,2003-07-23,EP,,https://d10j3mvrs1suex.cloudfront.net/s:bzglfiles/u/748708/b03518dd28693adb01b5ce455b5edf56028a32a0/original/2003-07-23-symptom-ep.png/!!/b%3AW1sicmVzaXplIixbNjAwLG51bGwseyJ3aXRob3V0RW5sYXJnZW1lbnQiOnRydWUsImZpdCI6Im91dHNpZGUifV1dXQ%3D%3D/meta%3AeyJzcmNCdWNrZXQiOiJiemdsZmlsZXMifQ%3D%3D.png,psilodump,,https://psilodump.bandcamp.com/album/symptom-ep,,
XD-DIGI-001,"The X-Dump",2007-01-06,"Symptom 4",2007-01-06,Single,,https://d10j3mvrs1suex.cloudfront.net/s:bzglfiles/u/748708/2221e98ad58a492f9ac1f7de1cf631be82c22f94/original/cover.jpg/!!/b%3AW1sicmVzaXplIixbNjAwLG51bGwseyJ3aXRob3V0RW5sYXJnZW1lbnQiOnRydWUsImZpdCI6Im91dHNpZGUifV1dXQ%3D%3D/meta%3AeyJzcmNCdWNrZXQiOiJiemdsZmlsZXMifQ%3D%3D.jpg,psilodump,,https://psilodump.bandcamp.com/album/symptom-4,,
QREC-009,,2002-11-11,Tangens,2002-11-11,Single,,https://d10j3mvrs1suex.cloudfront.net/s:bzglfiles/u/748708/a47270be70d20321876c5b864937639757e5571b/original/tangens-omslag.png/!!/b%3AW1sicmVzaXplIixbNjAwLG51bGwseyJ3aXRob3V0RW5sYXJnZW1lbnQiOnRydWUsImZpdCI6Im91dHNpZGUifV1dXQ%3D%3D/meta%3AeyJzcmNCdWNrZXQiOiJiemdsZmlsZXMifQ%3D%3D.png,psilodump,,,,
476LEG056,476LEG,2024-03-11,"Tangens (Elithora Remix)",2002-11-11,Single,,https://s3.amazonaws.com/gather.fandalism.com/800x800%2D924506%2D%2D87BD0FEC%2D626C%2D4C21%2DBF43E9C4F45188BF%2D%2D0%2D%2D158678%2D%2DTangensRemix%2Ejpg,psilodump,,https://psilodump.bandcamp.com/album/tangens-elithora-remix,,
476LEG017,476LEG,2022-11-10,"tänkvärt nonsens kastar sand på submedveten vanföreställning",2000-02-29,Single,,https://s3.amazonaws.com/gather.fandalism.com/800x800%2D924506%2D%2D33938A81%2DB50E%2D457A%2DA772EC1B8C841B6F%2D%2D0%2D%2D5569989%2D%2Dtankasigcolor%2Ejpg,psilodump,,,,
476DIGI001,476DIGI,2007-12-20,Tetrapoda,2007-12-20,EP,,https://images.zoogletools.com/s:bzglfiles/u/1255111/bd1315106c37928968980ebb65cdb4eec21982ee/original/3000x3000-924506-ee276faa-ebe1-45af-b5b193729e9df587-mod-1744035526.jpg/!!/b%3AW1sicmVzaXplIixbNjAwLG51bGwseyJ3aXRob3V0RW5sYXJnZW1lbnQiOnRydWUsImZpdCI6Im91dHNpZGUifV1dXQ%3D%3D/meta%3AeyJzcmNCdWNrZXQiOiJiemdsZmlsZXMifQ%3D%3D.jpg,psilodump,,,https://music.apple.com/album/tetrapoda/1767664683,
476LEG001,476LEG,2011-11-23,"The Almost Black",1999-06-15,EP,,https://d10j3mvrs1suex.cloudfront.net/s:bzglfiles/u/748708/bfd25cc44709f916528094d5fded403e5c0e15f2/original/cover.png/!!/b%3AW1sicmVzaXplIixbNjAwLG51bGwseyJ3aXRob3V0RW5sYXJnZW1lbnQiOnRydWUsImZpdCI6Im91dHNpZGUifV1dXQ%3D%3D/meta%3AeyJzcmNCdWNrZXQiOiJiemdsZmlsZXMifQ%3D%3D.png,psilodump,https://psilodu.mp/album/3346185/the-almost-black,https://psilodump.bandcamp.com/album/the-almost-black-ep,,
476LEG036,476LEG,2023-11-10,"The Droidbird in the Snowstorm",2006-12-23,Single,,https://s3.amazonaws.com/gather.fandalism.com/800x800%2D924506%2D%2D02AEB026%2D1688%2D4F68%2DBB8CC252907288B7%2D%2Dmod%2D1705301491%2Ejpg,psilodump,https://psilodu.mp/album/3580074/the-droidbird-in-the-snowstorm,,,
476LEG037,476LEG,2023-11-11,"The Droidduck",2007-07-02,Single,,https://s3.amazonaws.com/gather.fandalism.com/800x800%2D924506%2D%2DD1A34155%2D0E62%2D42AC%2DAB7CB607B3146362%2D%2Dmod%2D1705298547%2Ejpg,psilodump,https://psilodu.mp/album/3580069/the-droidduck,,,
XD-NETS-011,"The X-Dump",2010-05-18,"The Droidwhatever",2010-05-18,EP,,https://d10j3mvrs1suex.cloudfront.net/s:bzglfiles/u/748708/2f090481df26d48ec808c8b1353b16f3883843ba/original/img-4119.jpeg/!!/b%3AW1sic2l6ZSIsInBob3RvIl1d/meta%3AeyJzcmNCdWNrZXQiOiJiemdsZmlsZXMifQ%3D%3D.jpg,psilodump,,https://psilodump.bandcamp.com/album/the-droidwhatever-ep,,https://www.youtube.com/watch?v=K4q9G_EyVlY
,,1998-08-24,"The Elephant With The Green Pants / Snabelnauts",1998-08-24,Album,,https://d10j3mvrs1suex.cloudfront.net/s:bzglfiles/u/748708/3bfca85f0244b3a32b6855987f5715f03cd34691/original/img-3657.jpeg/!!/b%3AW1sicmVzaXplIixbNjAwLG51bGwseyJ3aXRob3V0RW5sYXJnZW1lbnQiOnRydWUsImZpdCI6Im91dHNpZGUifV1dXQ%3D%3D/meta%3AeyJzcmNCdWNrZXQiOiJiemdsZmlsZXMifQ%3D%3D.jpg,psilodump,,,,https://www.youtube.com/watch?v=kl8mHsEZ6XA
476DIGI030,476DIGI,2023-08-20,"The Endurance of the Mygga",2023-08-20,Single,,https://images.zoogletools.com/s:bzglfiles/u/1255111/d05e860674e8ece6541e8a4afbe46e1d3ed6d8eb/original/3000x3000-924506-b2a831bf-1951-408a-8cde316cf2ab82be-mod-1744215924.jpg/!!/b%3AW1sicmVzaXplIixbNjAwLG51bGwseyJ3aXRob3V0RW5sYXJnZW1lbnQiOnRydWUsImZpdCI6Im91dHNpZGUifV1dXQ%3D%3D/meta%3AeyJzcmNCdWNrZXQiOiJiemdsZmlsZXMifQ%3D%3D.jpg,psilodump,,https://psilodump.bandcamp.com/album/the-endurance-of-the-mygga,,
,,1998-03-20,"The Galaxy Downstairz",1998-03-20,EP,,,,,,,
476DIGI021,476DIGI,2018-09-06,"The Ground",2018-09-06,Album,,https://images.zoogletools.com/s:bzglfiles/u/1255111/de5ab52d55ecc10dfb8b111e79b56799984e7488/original/3000x3000-924506-525c5191-5c9a-4d8d-a9c6e6d1c3bde25d-0-3205797-groundchapter1blau2.jpg/!!/b%3AW1sicmVzaXplIixbNjAwLG51bGwseyJ3aXRob3V0RW5sYXJnZW1lbnQiOnRydWUsImZpdCI6Im91dHNpZGUifV1dXQ%3D%3D/meta%3AeyJzcmNCdWNrZXQiOiJiemdsZmlsZXMifQ%3D%3D.jpg,psilodump,,https://psilodump.bandcamp.com/album/the-ground,https://music.apple.com/album/the-ground/1434436968,https://www.youtube.com/watch?v=JggcdUclg4U
476LEG053,476LEG,2024-02-23,"The Light is the Biggest Lie",2000-12-18,Single,,https://s3.amazonaws.com/gather.fandalism.com/800x800%2D924506%2D%2DA59EAA49%2DA276%2D4A12%2DB427143CB551F0C6%2D%2Dmod%2D1750635852%2Ejpg,psilodump,,https://psilodump.bandcamp.com/album/the-light-is-the-biggest-lie,,
476DIGI010,476DIGI,2013-11-15,"The Nearly Island",2013-11-15,Album,,https://images.zoogletools.com/s:bzglfiles/u/1255111/e782d94895c68ced173d71c79899f5ee3b960f34/original/3000x3000-924506-346fbd19-6ad2-4a2b-9cf0da89abf596a2-0-9378454-psilodumpthenearlyisland2024final.jpg/!!/b%3AW1sicmVzaXplIixbNjAwLG51bGwseyJ3aXRob3V0RW5sYXJnZW1lbnQiOnRydWUsImZpdCI6Im91dHNpZGUifV1dXQ%3D%3D/meta%3AeyJzcmNCdWNrZXQiOiJiemdsZmlsZXMifQ%3D%3D.jpg,psilodump,https://psilodu.mp/the-nearly-island,https://psilodump.bandcamp.com/album/the-nearly-island,https://music.apple.com/album/the-nearly-island/17380072455,https://www.youtube.com/watch?v=p2OPW3TMrIQ
CANDY017,"Candy Mind",2005-12-21,"The Night I Lost You All You All",2005-12-21,MiniAlbum,,https://d10j3mvrs1suex.cloudfront.net/s:bzglfiles/u/748708/1fff261222c575f2ed8e797c50acc91269997f87/original/candy017large.jpg/!!/b%3AW1sicmVzaXplIixbNjAwLG51bGwseyJ3aXRob3V0RW5sYXJnZW1lbnQiOnRydWUsImZpdCI6Im91dHNpZGUifV1dXQ%3D%3D/meta%3AeyJzcmNCdWNrZXQiOiJiemdsZmlsZXMifQ%3D%3D.jpg,psilodump,,https://psilodump.bandcamp.com/album/the-night-i-lost-you-all-you-all,,https://youtu.be/fORvf0DOetI
476LEG022,476LEG,2022-12-09,"The Ninja Pugdogs",2005-11-28,Single,,https://s3.amazonaws.com/gather.fandalism.com/800x800%2D924506%2D%2D5622CF3D%2D93B6%2D4FB1%2D8AFBB60B5B81980D%2D%2Dmod%2D1743553919%2Ejpg,psilodump,https://psilodu.mp/album/3580086/the-ninja-pugdogs,,,
DMTCD19/20,,2009-05-22,"The Nya Albumet",2009-05-22,Album,,https://d10j3mvrs1suex.cloudfront.net/s:bzglfiles/u/748708/cf4578fc87350fdc30b1b2f1ed145708d785e773/original/a0135643828-10.jpg/!!/b%3AW1sicmVzaXplIixbNjAwLG51bGwseyJ3aXRob3V0RW5sYXJnZW1lbnQiOnRydWUsImZpdCI6Im91dHNpZGUifV1dXQ%3D%3D/meta%3AeyJzcmNCdWNrZXQiOiJiemdsZmlsZXMifQ%3D%3D.jpg,psilodump,,https://psilodump.bandcamp.com/album/the-nya-albumet,,https://www.youtube.com/watch?v=k97ECR3mlaY
476LIVE001,,2024-01-22,"The Pants Suite (Live)",2003-10-02,EP,,https://s3.amazonaws.com/gather.fandalism.com/800x800%2D924506%2D%2D6CAE0887%2D7617%2D4BF2%2DBBD65D278C7BF381%2D%2D0%2D%2D6641246%2D%2DPantsFinal2024Brighter%2Ejpg,psilodump,,https://psilodump.bandcamp.com/album/pants,,
476DIGI003,476DIGI,2009-10-06,"The Return of the Snabelnauts",2009-10-06,MiniAlbum,,https://images.zoogletools.com/s:bzglfiles/u/1255111/e91142847b80ef9c9fd63a2f745ff0ba1470ddf1/original/3000x3000-924506-5535c321-02db-4147-aada05de2a7d64b1-0-10352954-psilodumpsnabelnautscover.jpg/!!/b%3AW1sicmVzaXplIixbNjAwLG51bGwseyJ3aXRob3V0RW5sYXJnZW1lbnQiOnRydWUsImZpdCI6Im91dHNpZGUifV1dXQ%3D%3D/meta%3AeyJzcmNCdWNrZXQiOiJiemdsZmlsZXMifQ%3D%3D.jpg,psilodump,,https://psilodump.bandcamp.com/album/the-return-of-the-snabelnauts,https://music.apple.com/album/the-return-of-the-snabelnauts/1715204965,
476LEG034,476LEG,2023-10-11,"The Snabelnauts with the Green Pants",1998-08-10,Single,,https://s3.amazonaws.com/gather.fandalism.com/800x800%2D924506%2D%2D74D82AD1%2DBCE9%2D47CF%2DBFEEDED875AA5002%2D%2Dmod%2D1750970106%2Ejpg,psilodump,,https://psilodump.bandcamp.com/album/the-snabelnaut-with-the-green-pants,,https://www.youtube.com/watch?v=OKtx11XGXII
476DIGI005,476DIGI,2010-02-05,"The Somnambulist",2010-02-05,EP,,https://images.zoogletools.com/s:bzglfiles/u/1255111/fb194fa60639adc23bc0fd04b2efcfc82b0655a2/original/3000x3000-924506-5a819f66-bece-42f7-a8bcc008177c1aa0-mod-1708346820.jpg/!!/b%3AW1sicmVzaXplIixbNjAwLG51bGwseyJ3aXRob3V0RW5sYXJnZW1lbnQiOnRydWUsImZpdCI6Im91dHNpZGUifV1dXQ%3D%3D/meta%3AeyJzcmNCdWNrZXQiOiJiemdsZmlsZXMifQ%3D%3D.jpg,psilodump,,https://psilodump.bandcamp.com/album/the-somnambulist,,
476LEG068,476LEG,2025-06-02,"Toads and Crickets",2011-08-01,Single,,https://s3.amazonaws.com/gather.fandalism.com/800x800%2D924506%2D%2DFFB47A58%2DA13E%2D4506%2DBC88BED6BAEB0B5E%2D%2D0%2D%2D6162109%2D%2DIMG6344%2Ejpg,psilodump,https://psilodu.mp/album/3503540/toads-and-crickets,,,
476LEG027,476LEG,2023-07-09,Toothpaste,1998-11-24,Single,,https://s3.amazonaws.com/gather.fandalism.com/800x800%2D924506%2D%2DE99F8B14%2D69FF%2D4D8B%2D8054543AB8634495%2D%2Dmod%2D1750323591%2Ejpg,psilodump,,https://psilodump.bandcamp.com/album/toothpaste,,https://www.youtube.com/watch?v=d4h5kuCXoUQ
,,1998-11-07,Tropic,1998-11-07,EP,,https://d10j3mvrs1suex.cloudfront.net/s:bzglfiles/u/748708/681475a49b92ddcad57354f6a1c2d411fbced069/original/tropic1.jpg/!!/b%3AW1sicmVzaXplIixbNjAwLG51bGwseyJ3aXRob3V0RW5sYXJnZW1lbnQiOnRydWUsImZpdCI6Im91dHNpZGUifV1dXQ%3D%3D/meta%3AeyJzcmNCdWNrZXQiOiJiemdsZmlsZXMifQ%3D%3D.jpg,psilodump,,,,
v002,,2003-12-28,"Two (Video Edit)",2003-12-28,Single,,https://i3.ytimg.com/vi/mjAjFhbrhqE/maxresdefault.jpg,,,,,
,micromusic.net,2001-07-13,"U R So Full Of SID rmx.",2001-07-13,Single,,https://d10j3mvrs1suex.cloudfront.net/s:bzglfiles/u/748708/da4338ecf8e2fb1bd56fa4652fd7206e5394f61e/original/img-3934.jpeg/!!/b%3AW1sicmVzaXplIixbNjAwLG51bGwseyJ3aXRob3V0RW5sYXJnZW1lbnQiOnRydWUsImZpdCI6Im91dHNpZGUifV1dXQ%3D%3D/meta%3AeyJzcmNCdWNrZXQiOiJiemdsZmlsZXMifQ%3D%3D.jpg,,,,,
476LEG026,476LEG,2023-07-06,unnamed,1998-09-19,Single,,https://s3.amazonaws.com/gather.fandalism.com/800x800%2D924506%2D%2DA3A2B2EA%2D3D5B%2D4EF5%2D84E0BC9AD448BCC5%2D%2Dmod%2D1744923052%2Ejpg,psilodump,,https://psilodump.bandcamp.com/album/unnamed,,https://www.youtube.com/watch?v=hNjIjCUYQiU
476LEG051,476LEG,2024-02-08,Untitled,2003-11-11,Single,,https://s3.amazonaws.com/gather.fandalism.com/800x800%2D924506%2D%2D06C2D522%2DDF90%2D48B2%2D8E36F6AC6D376A67%2D%2D0%2D%2D11867175%2D%2DUntitled2024Final%2Ejpg,psilodump,https://psilodu.mp/album/3353873/untitled,https://psilodump.bandcamp.com/album/untitled,,
476HEAL2,,2023-11-20,"Veneer Hall",2003-03-31,EP,,https://s3.amazonaws.com/gather.fandalism.com/800x800%2D924506%2D%2D3016FB1D%2D6528%2D4548%2DAEF55383ECFF3D9D%2D%2Dmod%2D1745069701%2Ejpg,psilodump,,,,
476LEG007,476LEG,2020-02-12,Vuoksa,2003-10-19,Single,,https://s3.amazonaws.com/gather.fandalism.com/800x800%2D924506%2D%2D33D5452D%2D7386%2D4BD1%2DAC6762D368AA2495%2D%2Dmod%2D1750968211%2Ejpg,psilodump,https://psilodu.mp/album/3353589/vuoksa,https://psilodump.bandcamp.com/album/vuoksa,,
476LEG061,476LEG,2024-04-12,"War of the Winds 476",2000-03-26,Single,,https://s3.amazonaws.com/gather.fandalism.com/800x800%2D924506%2D%2D34F71053%2DA5D8%2D423C%2D9AB719D0588B415F%2D%2D0%2D%2D3472443%2D%2DWaroftheWinds476Final%2Ejpg,psilodump,,https://psilodump.bandcamp.com/album/war-of-the-winds-476,,
ECL001,,2004-05-25,Washed,2004-05-25,MiniAlbum,,https://s3.amazonaws.com/gather.fandalism.com/800x800%2D924506%2D%2DDFE7924A%2D7D4B%2D4D40%2D826BBD10D8A59322%2D%2D1600231096049%2D%2Dwashedfinal20%2Ejpg,psilodump,,https://psilodump.bandcamp.com/album/washed,https://music.apple.com/album/washed/1532149314,
476LEG004,476LEG,2019-05-09,"Water Festival",1995-08-19,Single,,https://s3.amazonaws.com/gather.fandalism.com/800x800%2D924506%2D%2DCF1A3AB2%2D6893%2D4167%2D91B7D524AE434E33%2D%2Dmod%2D1745516021%2Ejpg,psilodump,,,,
476DIGI017,476DIGI,2015-02-01,wefosi,2015-02-01,MiniAlbum,,https://images.zoogletools.com/s:bzglfiles/u/1255111/94a9e12f8ae390765829b8996bd4a1be1d6da4f4/original/3000x3000-924506-16152d8d-1529-4a0f-a22343e460b1f729-0-7455355-wefosi2024final.jpg/!!/b%3AW1sicmVzaXplIixbNjAwLG51bGwseyJ3aXRob3V0RW5sYXJnZW1lbnQiOnRydWUsImZpdCI6Im91dHNpZGUifV1dXQ%3D%3D/meta%3AeyJzcmNCdWNrZXQiOiJiemdsZmlsZXMifQ%3D%3D.jpg,psilodump,,https://psilodump.bandcamp.com/album/wefosi,https://music.apple.com/album/wefosi/1791650359,
476LEG002,476LEG,2012-02-13,"what mind?",2000-03-19,Single,,https://s3.amazonaws.com/gather.fandalism.com/800x800%2D924506%2D%2D1D9428F1%2D1613%2D4C3B%2D9F6A9D1A05DF8B7E%2D%2D0%2D%2D6258603%2D%2DWhatMind2024VibMinus4%2Ejpg,psilodump,https://psilodu.mp/album/3354417/what-mind,https://psilodump.bandcamp.com/album/what-mind,,
476LEG030,476LEG,2023-08-11,"Where My Anger Winds Up",2000-09-02,Single,,https://s3.amazonaws.com/gather.fandalism.com/800x800%2D924506%2D%2DE290EECD%2DA0CC%2D4668%2D8D197C409D0DD157%2D%2Dmod%2D1750968259%2Ejpg,psilodump,https://psilodu.mp/album/3412939/where-my-anger-winds-up,https://psilodump.bandcamp.com/album/where-my-anger-winds-up,,
476DIGI009,476DIGI,2013-11-01,Whut,2013-11-01,EP,,https://f4.bcbits.com/img/a3089606297_2.jpg,psilodump,,https://psilodump.bandcamp.com/album/whut,,
476DIGI032,476DIGI,2023-11-02,"Why Space Returned from Rabbits",2023-11-02,EP,,https://images.zoogletools.com/s:bzglfiles/u/1255111/84144022fbf019c5a615ea5429fe529522fe507c/original/3000x3000-924506-5b1a7d79-aff0-4095-960acd7e92e055d7-mod-1743608062.jpg/!!/b%3AW1sicmVzaXplIixbNjAwLG51bGwseyJ3aXRob3V0RW5sYXJnZW1lbnQiOnRydWUsImZpdCI6Im91dHNpZGUifV1dXQ%3D%3D/meta%3AeyJzcmNCdWNrZXQiOiJiemdsZmlsZXMifQ%3D%3D.jpg,psilodump,,https://psilodump.bandcamp.com/album/why-space-returned-from-rabbits,,
476LEG020,476LEG,2022-11-28,Winds,2002-08-07,EP,,https://s3.amazonaws.com/gather.fandalism.com/800x800%2D924506%2D%2DF6C1CE0C%2D33FF%2D46F9%2DA24A286196E105F9%2D%2Dmod%2D1744931691%2Ejpg,psilodump,https://psilodu.mp/album/3353623/winds,https://psilodump.bandcamp.com/album/winds,,
,micromusic.net,2003-12-19,"Yo Joe Hoe",2003-12-19,Single,,https://d10j3mvrs1suex.cloudfront.net/s:bzglfiles/u/748708/8bb86df06e19b1cdd23bb62f2309a67a7ab38bc9/original/img-3911.jpeg/!!/b%3AW1sicmVzaXplIixbNjAwLG51bGwseyJ3aXRob3V0RW5sYXJnZW1lbnQiOnRydWUsImZpdCI6Im91dHNpZGUifV1dXQ%3D%3D/meta%3AeyJzcmNCdWNrZXQiOiJiemdsZmlsZXMifQ%3D%3D.jpg,psilodump,,,,
,micromusic.net,2000-10-01,"you are so full of sid",2000-10-01,Single,,https://d10j3mvrs1suex.cloudfront.net/s:bzglfiles/u/748708/5933ba864f8d374579a66c5f01e8924075c80339/original/micromusic-background.png/!!/b%3AW1sicmVzaXplIixbNjAwLG51bGwseyJ3aXRob3V0RW5sYXJnZW1lbnQiOnRydWUsImZpdCI6Im91dHNpZGUifV1dXQ%3D%3D/meta%3AeyJzcmNCdWNrZXQiOiJiemdsZmlsZXMifQ%3D%3D.png,psilodump,,,,
XD-NETS-002,"The X-Dump",2005-06-16,"You Sick Little Monkey",2005-06-16,MiniAlbum,,https://d10j3mvrs1suex.cloudfront.net/s:bzglfiles/u/748708/1929dd781473f632bd1861751e7962b165317bd8/original/img-0992.jpeg/!!/b%3AW1sicmVzaXplIixbNjAwLG51bGwseyJ3aXRob3V0RW5sYXJnZW1lbnQiOnRydWUsImZpdCI6Im91dHNpZGUifV1dXQ%3D%3D/meta%3AeyJzcmNCdWNrZXQiOiJiemdsZmlsZXMifQ%3D%3D.jpg,psilodump,,https://psilodump.bandcamp.com/album/you-sick-little-monkey,,https://youtu.be/EIZEqu3hEoI
476LEG063,476LEG,2024-05-28,"You're So Full of SID",2000-09-29,Single,,https://s3.amazonaws.com/gather.fandalism.com/800x800%2D924506%2D%2DD3209848%2D918C%2D4C26%2DB5B241DEA7086D16%2D%2D0%2D%2D42799%2D%2DFullOfSIDFinal%2Ejpg,psilodump,https://psilodu.mp/album/3346241/you-re-so-full-of-sid,https://psilodump.bandcamp.com/album/youre-so-full-of-sid,,
